id,longitude,latitude,circumference,height,start_date,note,denotation,diameter_crown,date,diameter
9586211660,7.665737,47.809295,,,,provisorsch,,,,
1468669721,7.65703,47.815067,,,,provisorisch,,,,
9569658070,7.7872032,47.9236802,,,,provisorisch,,,,
9569718995,7.6725955,47.8181205,,,,provisorisch,,,,
9569728710,7.6687694,47.8109999,,,,provisorisch,,,,
9569734222,7.6099904,47.7728855,,,,provisorisch,,,,
9569735761,7.6361509,47.7870673,,,,provisorisch,,,,
9569745001,7.8399714,47.975289,,,,provisorisch,,,,
9569760541,7.7626552,47.9170897,,,,provisorisch,,,,
9569760542,7.6432955,47.8352758,,,,provisorisch,,,,
9585951268,7.602831,47.755786,,,,provisorisch,,,,
9586303777,7.664693,47.814608,,,,provisorisch,,,,
8493792776,7.7246866,47.4593061,0.01,,,"oberer Teil abgestorben, neuer Stammaustrieb 40cm lang",,,,
9506327785,8.795027,48.951337,,,,date: unknown,natural_monument,,,
9507127440,8.822513,48.969375,,,,date: unknown,natural_monument,,,
9569622915,7.652239,47.642323,1.02,,,date: March 2022,,,,
6311680259,7.57159,47.56641,0.58,,,data:March 2019; age:1983; plantation:1993; BS034482 Kannenfeldpark,urban,,,
9124311987,8.3354458,47.3597378,unknown,,,data: unknown,,,,
9124315577,8.3353592,47.3547576,unknown,,,data: unknown,,,,
9124383325,8.2304839,47.4920754,unknown,,,data: unknown,,,,
9124414172,8.1209424,47.5137393,unknown,,,data: unknown,,,,
9124464698,8.1214842,47.5070238,unknown,,,data: unknown,,,,
9125004352,8.0330693,47.5127283,unknown,,,data: unknown,,,,
9125021046,8.032936,47.5129665,unknown,,,data: unknown,,,,
9167048853,8.0973516,47.532114,unknown,,,data: unknown,,,,
9168350938,7.8963349,47.5398542,,,,data: unknown,,,,
9507209218,8.716833,49.009205,,,,data: unknown,natural_monument,,,
9507335967,8.928872,49.107842,,,,data: unknown,natural_monument,,,
9507414460,9.275267,49.207147,,,,data: unknown,natural_monument,,,
9507526028,8.972858,49.001075,,,,data: unknown,natural_monument,,,
9507575015,9.108695,48.9795,,,,data: unknown,natural_monument,,,
9507832350,9.126507,49.37892,,,,data: unknown,natural_monument,,,
9507520750,8.93377,48.894155,,,,data: unknoown,natural_monument,,,
9507394960,9.795098,49.480718,,,,data: unknon,natural_monument,,,
9630255240,7.69953,47.50497,0.01,0.4,,data: plantation March 2022,,,,
9630262345,7.69972,47.505,0.01,0.5,,data: plantation March 2022,,,,
9347543989,7.6994487,47.5051135,,0.35,,data: plantation December 2021,,,,
9060849891,8.3008714,47.261012,0.31,,,data: Septenber 2021,,,,
9091609526,7.5481025,47.7602172,,,,data: September 2021  /  3 trees,,,,
8942302320,7.9781779,47.5201525,0.20,,,data: September 2021,,,,
8942313498,7.9776721,47.5201769,0.45,,,data: September 2021,,,,
8942316106,7.9763452,47.5202033,0.44,,,data: September 2021,,,,
8942339914,7.9758241,47.5203527,0.15,,,data: September 2021,,,,
8942359635,7.9758844,47.5203965,0.29,,,data: September 2021,,,,
8942373752,7.9759899,47.5204118,0.58,,,data: September 2021,,,,
8942414403,7.9758675,47.5202623,0.31,,,data: September 2021,,,,
8942430283,7.9754638,47.5204664,0.60,,,data: September 2021,,,,
8942431109,7.9760485,47.520426,0.44,,,data: September 2021,,,,
8942432266,7.9752483,47.5204557,0.64,,,data: September 2021,,,,
8942446379,7.9753861,47.5203346,0.42,,,data: September 2021,,,,
9060455491,8.3162341,47.2374772,0.62,,,data: September 2021,,,,
9060888184,8.3009249,47.2609374,0.32,,,data: September 2021,,,,
9060894567,8.3009348,47.2609316,0.11,,,data: September 2021,,,,
9060917240,8.3008953,47.2606738,0.30,,,data: September 2021,,,,
9061040309,8.2560148,47.587103,0.10,,,data: September 2021,,,,
9064037137,8.1788627,47.5165561,0.45,,,data: September 2021,,,,
9082217544,8.2560208,47.5870736,0.07,,,data: September 2021,,,,
9082248782,8.2560825,47.5871398,0.39,,,data: September 2021,,,,
9082336095,7.7114645,47.4795915,0.17,,,data: September 2021,alley,,,
9082348023,7.7116014,47.4795111,0.13,,,data: September 2021,alley,,,
9083684888,8.0697831,47.4663055,0.44,,,data: September 2021,,,,
9083686797,8.071639,47.4657967,0.41,,,data: September 2021,,,,
9083687893,8.0231494,47.4588633,0.33,,,data: September 2021,,,,
9083760448,8.0232219,47.4588885,0.33,,,data: September 2021,,,,
9084632966,7.7273535,47.4816788,0.56,,,data: September 2021,,,,
9084681515,7.7125044,47.4779433,0.02,,,data: September 2021,,,,
9084681516,7.7165377,47.4775979,0.03,,,data: September 2021,,,,
9091853226,7.6679979,47.8025882,1.17,,,data: September 2021,,,,
9091891257,7.6686034,47.831206,1.24,,,data: September 2021,urban,,,
9097119057,7.5938158,47.5187788,0.94,,,data: September 2021,agricultural,,,
9108332265,7.9758647,47.5202893,0.57,,,data: September 2021,,,,
9163138523,7.7764134,47.5482362,0.14,,,data: September 2021,,,,
9163154921,7.7765473,47.5478923,0.42,,,data: September 2021,,,,
9163167522,7.7765585,47.547846,0.36,,,data: September 2021,,,,
9163185448,7.7764928,47.5480331,0.30,,,data: September 2021,,,,
9163191410,7.7762185,47.5487345,0.15,,,data: September 2021,,,,
9163199531,7.7764348,47.548171,0.38,,,data: September 2021,,,,
9163204619,7.7763628,47.5483492,0.43,,,data: September 2021,,,,
9163214770,7.7762441,47.5486751,0.14,,,data: September 2021,,,,
9163225402,7.7762776,47.5485958,0.33,,,data: September 2021,,,,
9163229460,7.7763264,47.5484708,0.39,,,data: September 2021,,,,
9163234548,7.7762861,47.5485411,0.36,,,data: September 2021,,,,
9163238894,7.7763917,47.548291,0.40,,,data: September 2021,,,,
9163249537,7.7763335,47.5484249,0.12,,,data: September 2021,,,,
9163280917,7.7764726,47.5480957,0.12,,,data: September 2021,,,,
7943206091,7.6144185,47.5176223,0.32,,,data: September 2020,,,,
6793933801,7.6401773,47.4953816,0.08,,,data: September 2019,,,,
9240706814,8.5690123,47.5873344,0.32,,,data: September 2016,,,,
9240725355,8.5766731,47.5940921,0.14,,,data: September 2016,,,,
9240742910,8.578073,47.5945733,0.26,,,data: September 2016,,,,
9136239396,8.0418238,47.4659263,0.19,,,data: September 2014,,,,
9144385752,8.0551614,47.4715382,0.34,,,data: September 2014,,,,
9149294915,8.1321856,47.563164,0.33,,,data: September 2014,,,,
9150071238,7.9247954,47.5428249,0.66,,,data: September 2014,,,,
9167564254,7.9639105,47.4889532,0.29,,,data: September 2014,,,,
6817561355,7.8060875,47.494657,0.31,,,"data: Sept. 2019
Sept. 2019: fruits  ",,,,
6815410332,7.6628856,47.51359,0.07,,,data: Sept. 2019,,,,
6815414821,7.6625423,47.5136772,0.07,,,data: Sept. 2019,,,,
6817359914,7.6545335,47.5160462,0.35,,,data: Sept. 2019,,,,
6817364825,7.6545082,47.5160425,0.23,,,data: Sept. 2019,,,,
6817448209,7.6542943,47.5403576,0.015,,,data: Sept. 2019,,,,
6817451504,7.6541481,47.5404317,0.01,,,data: Sept. 2019,,,,
6817707830,7.6338716,47.5476804,0.36,,,data: Sept. 2019,,,,
6817724906,7.6331484,47.5478039,0.33,,,data: Sept. 2019,,,,
9214722447,7.8191142,47.4366813,0.05,,,data: October 2021,,,,
8016384109,7.6424938,47.494159,0.02,,,data: October 2020,,,,
6918379449,7.8500904,47.4197499,0.64,,,"data: October 2019  fruits, September 2020 fruits",agricultural,,,
6917115926,7.8658197,47.4152401,0.57,,,data: October 2019  fruits,,,,
6917115927,7.8657647,47.4152577,1.02,,,data: October 2019  fruits,,,,
6917115928,7.8657062,47.4152783,0.58,,,data: October 2019  fruits,,,,
6917038779,7.8836683,47.4256313,0.83,,,data: October 2019,landmark,,,
6020363437,7.787523,47.4743806,1.45,,,"data: October 2018 
circumference 1984: 119cm (P. Rieder)
circumference 1979: 114cm (P. Rieder)
diameter  ca. 1955:  37cm (W. Plattner NGBL)",natural_monument,,,
6001338660,7.788478,47.4742625,1.0,,,"data: October 2018
circumference 1984: 84cm (P. Rieder)
diameter ca. 1955: 31cm (W. Plattner NGBL)",natural_monument,,,
6928743126,7.772355,47.4356347,0.18,,,data: Oct. 2019 / tree planting,,,,
6928756488,7.7716567,47.4380719,0.32,,,data: Oct. 2019 / tree planting,,,,
6928756302,7.7716046,47.437955,0.07,,,data: Oct. 2019  / tree planting,,,,
9264497200,7.7682836,47.5680661,,,,"data: November 2021
Umfang noch bestimmen und eintragen.",,,,
9253197163,7.6361044,47.4938797,0.26,,,data: November 2021,,,,
9264589319,7.6294676,47.6199946,1.23,,,data: November 2021,,,,
9264589320,7.6294857,47.6199286,1.21,,,data: November 2021,,,,
9264589321,7.6295328,47.6198521,1.26,,,data: November 2021,,,,
9265071122,7.6127993,47.6344938,0.66,,,data: November 2021,,,,
9267587641,7.6178238,47.6411043,1.28,,,data: November 2021,,,,
9267696615,7.6072343,47.6451683,0.32,,,data: November 2021,,,,
9268071580,7.629487,47.7013098,0.42,,,data: November 2021,,,,
9268170776,7.6382028,47.7097518,0.3 - 0.7,,,data: November 2021,,,,
9268728514,7.6542119,47.7700302,0.45,,,data: November 2021,,,,
9268814940,7.6462607,47.7642003,0.83,,,data: November 2021,,,,
9269973317,7.6228318,47.7552805,0.31,,,data: November 2021,,,,
9269989078,7.6223975,47.7547351,0.54,,,data: November 2021,,,,
9270030039,7.6223391,47.7547158,0.16,,,data: November 2021,,,,
9270067051,7.6217975,47.7544905,0.16,,,data: November 2021,,,,
9270122327,7.6504953,47.7426455,0.33,,,data: November 2021,,,,
9283972369,7.6782412,47.5041216,0.03,0.6,,data: November 2021,agricultural,,,
9284054862,7.678231,47.504021,0.03,0.3,,data: November 2021,agricultural,,,
9295563941,7.6831796,47.5085424,0.03,0.65,,data: November 2021,,,,
9295568122,7.6839388,47.5079685,0.03,0.7,,data: November 2021,,,,
9295570865,7.6840444,47.5079596,0.03,0.6,,data: November 2021,,,,
9295574149,7.6841522,47.507957,0.03,0.3,,data: November 2021,,,,
9295581991,7.6842517,47.5079612,0.03,0.7,,data: November 2021,,,,
8089225387,7.7624642,47.4585178,0.09,,,data: November 2020,,,,
8089347202,7.7894595,47.4811029,0.06,,,data: November 2020,,,,
6035097402,7.7542815,47.4564619,1.2,,,"data: November 2018  
circumference 1984: 95cm (P. Rieder)
diameter ca. 1955: 22cm (W. Plattner NGBL)",natural_monument,,,
6005928690,7.7807755,47.4838332,1.70,,,"data: November 2018  
circumference 1984: 141cm (P. Rieder)
diameter ca. 1955: 34cm (W. Plattner NGBL)",natural_monument,,,
6035082133,7.754441,47.4565148,1.73,,,"data: November 2018 
cirumference 1984: 141cm
diameter ca. 1955: 38cm (W. Plattner NGBL)",natural_monument,,,
6093650113,7.7754284,47.5027098,1.25,,,"data: November 2018 
circumference 1984: 105cm (P. Rieder)
diameter ca. 1955: 27 cm (W. Plattner, NGBL)",natural_monument,,,
5979984388,7.6969917,47.5061236,1.12,,,"data: November 2018
diameter ca. 1955: 19 cm (W. Plattner NGBL)
stumpshoot: circumference: 29cm",natural_monument,,,
6049833637,7.7691148,47.4902956,1.90,,,"data: November 2018
circumference 1984: 137cm (P. Rieder)
diameter ca. 1955: 32 cm (W. Plattner NGBL)
Aug. 2019: no visible fruits",natural_monument,,,
6035113949,7.754189,47.4564455,1.53,,,"data: November 2018
circumference 1984: 126cm (P. Rieder)
diameter ca. 1955: 31cm (W. Plattner NGBL)",natural_monument,,,
6093802809,7.7770626,47.4631914,1.50,,,"data: November 2018
circumference 1984: 124cm (P. Rieder)
2020: no fruits",natural_monument,,,
6069201587,7.8200465,47.4456739,0.68,,,data: November 2018,natural_monument,,,
9144576615,8.0645488,47.535227,0.27,,,data: November 2015,,,,
9144610005,8.0646095,47.5352128,0.68,,,data: November 2015,,,,
9144639730,8.0646562,47.5352139,0.33,,,data: November 2015,,,,
9144643356,8.0647691,47.5351482,0.62,,,data: November 2015,,,,
9144673972,8.0648109,47.5351806,0.7,,,data: November 2015,,,,
9144679037,8.0646415,47.5351886,0.39,,,data: November 2015,,,,
9144720385,8.0646063,47.5351643,0.63,,,data: November 2015,,,,
9144863991,8.0645743,47.5352526,0.39,,,data: November 2015,,,,
9144865034,8.064732,47.5351264,0.37,,,data: November 2015,,,,
9144871583,8.0646902,47.5351313,0.34,,,data: November 2015,,,,
9146879005,8.1139336,47.5693695,0.41,,,data: November 2015,,,,
9146886858,8.1140201,47.5693271,0.53,,,data: November 2015,,,,
9146919347,8.1140759,47.5693527,0.43,,,data: November 2015,,,,
9150086166,7.9028467,47.5511773,0.34,,,data: November 2015,,,,
9150110022,7.9029072,47.5511744,0.33,,,data: November 2015,,,,
9150170046,7.9029184,47.5511698,0.22,,,data: November 2015,,,,
9150202598,7.9030309,47.5511586,0.34,,,data: November 2015,,,,
9151197356,7.9039724,47.550984,0.20,,,data: November 2015,,,,
9151203785,7.9030918,47.5511338,0.09,,,data: November 2015,,,,
9151205918,7.9038328,47.5510204,0.29,,,data: November 2015,,,,
9151233156,7.9052306,47.5507029,0.33,,,data: November 2015,,,,
9152526608,7.9034705,47.5503926,0.67,,,data: November 2015,,,,
9152543302,7.9036935,47.5503034,0.67,,,data: November 2015,,,,
9152564259,7.9033833,47.5504528,0.49,,,data: November 2015,,,,
9142450536,8.0273807,47.4710549,0.16,,,data: November 2014,,,,
9142452882,8.0467849,47.4783854,0.25,,,data: November 2014,,,,
9142483059,8.0468135,47.4785576,0.11,,,data: November 2014,,,,
9142615291,8.0672418,47.4668326,0.07,,,data: November 2014,,,,
9144956042,8.0615134,47.5509717,0.47,,,data: November 2014,,,,
9144997223,8.061582,47.5509994,0.32,,,data: November 2014,,,,
8126864097,7.8496733,47.52923,0.02,,,"data: Nov. 2020,  several plantings (ca. 5)",,,,
8126837192,7.8589817,47.5239798,0.1,,,data: Nov. 2020,,,,
8126875651,7.8572936,47.5317413,0.05,,,data: Nov. 2020,,,,
8126886360,7.8582058,47.5253491,0.1,,,data: Nov. 2020,,,,
8126902435,7.8615866,47.5098771,0.06,,,data: Nov. 2020,,,,
8126928752,7.8614752,47.5098527,0.06,,,data: Nov. 2020,,,,
6939088864,7.6275902,47.5667895,0.19,,,data: Nov. 2019,,,,
6943610298,7.6263659,47.5667273,0.24,,,data: Nov. 2019,park,,,
6946110368,7.7728424,47.434863,0.05,,,data: Nov. 2019,,,,
6946110489,7.772698,47.4350676,0.05,,,data: Nov. 2019,,,,
6005944437,7.7695728,47.4911865,0.4  (circa),,,data: Nov. 2018 / tree planting (severeal trees),,,,
6058823046,7.7715606,47.4379173,0.13,,,data: Nov. 2018  / tree planting,,,,
8219010464,7.6366481,47.4027457,0.1,,,"data: Nov 2020,  Umfang geschätzt, Rodung gemäss Luftbild 2015",,,,
8688435132,7.8124687,47.4681712,0.58,,,data: May 2021,urban,,,
7538607919,7.749182,47.4598048,0.36,,,data: May 2020,,,,
7538618236,7.7491139,47.4598509,0.38,,,data: May 2020,,,,
6465756706,7.8770374,47.49611,0.46,,,data: May 2019,agricultural,,,
6465762295,7.8771111,47.4960122,0.38,,,data: May 2019,agricultural,,,
6465764740,7.8771875,47.4959051,0.38,,,data: May 2019,agricultural,,,
6471890986,7.6133621,47.5380426,0.36,,,data: May 2019,park,,,
6471896675,7.6122702,47.5355752,0.26,,,data: May 2019,park,,,
6471899641,7.6122054,47.5354565,0.35,,,data: May 2019,park,,,
6471907320,7.613107,47.5332191,0.33,,,data: May 2019,park,,,
6471916346,7.6131811,47.5331765,0.20,,,data: May 2019,park,,,
6471923617,7.61452,47.5347956,0.10,,,data: May 2019,garden,,,
6471946301,7.6846788,47.5699104,0.49,,,data: May 2019,street,,,
6471946302,7.6846621,47.5699286,0.75,,,data: May 2019,street,,,
6476631891,7.7641823,47.4797005,1.07,,,data: May 2019,natural_monument,,,
6476638456,7.7642064,47.4797023,0.87,,,data: May 2019,natural_monument,,,
6498473054,7.7493108,47.4596445,0.51,,,data: May 2019,,,,
6498475820,7.7489903,47.459526,0.46,,,data: May 2019,,,,
9144411962,8.0579574,47.5263564,0.49,,,data: May 2015,,,,
9144440788,8.057903,47.5263769,0.35,,,data: May 2015,,,,
9144461515,8.0578016,47.5262692,0.39,,,data: May 2015,,,,
9144480546,8.0578418,47.5263248,0.39,,,data: May 2015,,,,
9569642550,7.785534,47.967085,1.09,,,"data: March 2022,  ARTIS 2009 
http://rips-dienste.lubw.baden-wuerttemberg.de
Baum mit Tafel",natural_monument,,,
9576341403,7.6522529,47.6422773,0.65,,,data: March 2022,,,,
8587100894,7.6987802,47.5048747,0.03,1.56,,"data: March 2021 plantation, height: 97cm, August 2021: height: 156cm",,,,
8587100895,7.6988641,47.504956,0.03,1.05,,"data: March 2021 plantation, height: 55cm, August 2021 height: 105cm",,,,
8587100893,7.6985799,47.5048399,0.03,1.00,,"data: March 2021 plantation, height: 0.55cm, August 2021 height 100cm",,,,
8587100892,7.6984709,47.5047764,0.03,0.95,,"data: March 2021 plantation, height 0.4m, August 2021 height 0.95m",,,,
8587100896,7.6991089,47.5050374,0.03,0.98,,"data: March 2021 plantation,  height: 45cm, August height: 98cm",,,,
8587907866,7.6704869,47.5128851,0.03,1.25,,data: March 2021 height 0.88; August  2021 height 1.25,,,,
8587907867,7.6703655,47.5129204,0.03,1.45,,data: March 2021 height 0.77; August  2021 height 1.45,,,,
8586414643,7.6783545,47.5043794,0.03,0.65,,"data: March 2021 height 0.75m; August  2021 height 0.95m, plantation without protective grille,  dead October 2021,
new plantation with identical genotype, new height 65cm",agricultural,,,
8587907863,7.6709764,47.5127028,0.03,1.1,,"data: March 2021 height 0.73; August  2021 height 1.10
April 2022: Dead tip shortened to 25cm",,,,
8546895628,7.6232063,47.5165975,0.03,1.72,,data: March 2021 height 0.65; August  2021 height 1.72,,,,
8546895629,7.6232747,47.5167053,0.03,1.75,,data: March 2021 height 0.62; August  2021 height 1.75,,,,
8587907864,7.6708404,47.5127579,0.03,0.9,,"data: March 2021 height 0.5;  August  2021 height 0.90
April 2022: Dead tip shortened to 25cm",,,,
8546895631,7.6229152,47.5166817,0.03,1.32,,data: March 2021 height 0.55; August  2021 height 1.32,,,,
8542073493,7.7107452,47.5302033,0.03,0.9,,data: March 2021 height 0.55; August  2021 height 0.90,agricultural,,,
8546895632,7.622926,47.5165549,0.03,1.07,,data: March 2021 height 0.52; August  2021 height 1.07,,,,
8542073490,7.7106334,47.5304158,0.03,1.34,,data: March 2021 height 0.4; August  2021 height 1.34,agricultural,,,
8546895630,7.6230923,47.5167868,0.03,1.37,,data: March 2021 height 0.4; August  2021 height 1.32,,,,
8546895627,7.6231178,47.5164852,0.03,1.3,,data: March 2021 height 0.46; August  2021 height 1.30,,,,
8586414642,7.6783976,47.504462,0.03,0.6,,"data: March 2021 height 0.35m; August  2021 height 0.6m, plantation with protective grille",agricultural,,,
8542073494,7.7107722,47.5301431,0.03,0.55,,data: March 2021 height 0.34; August  2021 height 0.55,agricultural,,,
8542073492,7.7107008,47.5302795,0.03,0.67,,data: March 2021 height 0.32; August  2021 height 0.67,agricultural,,,
8587907865,7.6706793,47.5128272,0.03,0.7,,data: March 2021 height 0.30; August  2021 height 0.70,,,,
8586414645,7.6782647,47.5042068,0.03,0.6,,"data: March 2021 height 0.2m; August  2021 height 0.6m, plantation without protective grille, excavated and brougt to tree nursery October 2021",agricultural,,,
8586061900,7.6784338,47.5045463,0.03,0.7,,"data: March 2021 height 0.25m; August  2021 height 0.7m, plantation with protective grille",agricultural,,,
8586414644,7.678308,47.5042921,0.03,0.6,,"data: March 2021 height 0.25m; August  2021 height 0.6m, plantation without protective grille, excavated and brougt to tree nursery October 2021",agricultural,,,
8542073491,7.71067,47.5303392,0.03,0.23,,"data: March 2021 height 0.18; August  2021 height 0.23
Pfropfung abgestorben, neuer Trieb aus Unterlage",agricultural,,,
8586546104,7.6972716,47.5045722,0.10,,,data: March 2021  Umfang überprüfen,agricultural,,,
7379743769,7.7365942,47.4308938,0.89,,,"data: March 2020
origin: northern Germany
plantation: between 1975 and 1981",,,,
6329667060,7.5817699,47.5593128,0.42,,,"data: March 2019, fruits 2019",natural_monument,,,
6329667061,7.5817326,47.5593086,0.45,,,"data: March 2019, fruits 2019",natural_monument,,,
6340552847,7.7582345,47.3944749,0.02,,,"data: March 2019, age: 2015",,,,
6311274016,7.62301,47.57617,0.15,,,"data: March 2019 age: 2005 plantation: 2014 BS037441Erlenparkweg 7
2020: fruits",avenue,,,
6310576058,7.61905,47.54909,0.14,,,"data: March 2019
age: ?
plantation: ?
BS038974
Schwarzpark",urban,,,
6311503429,7.618,47.54885,0.16,,,"data: March 2019
age: 2009
plantation: 2018
BS042155
Schwarzpark",urban,,,
6311524150,7.61795,47.54876,0.16,,,"data: March 2019
age: 2009
plantation: 2018
BS042154
Schwarzpark",urban,,,
6311568840,7.6223219,47.5455554,0.03,,,"data: March 2019
age: 2008
plantation: 2017
BS041994
Birsstrasse",avenue,,,
6311556753,7.62227,47.54499,0.04,,,"data: March 2019
age: 2008
plantation: 2017
BS041075
Birsstrasse",avenue,,,
6311620555,7.61819,47.55343,0.05,,,"data: March 2019
age: 2008
plantation: 2017
BS041072
Birsstrasse",avenue,,,
6311545798,7.62216,47.54354,0.05,,,"data: March 2019
age: 2007
plantation: 2017
BS041077
Birsstrasse",avenue,,,
6310541609,7.59185,47.58475,0.20,,,"data: March 2019
age: 2005
plantation: 2014
BS038588
Bonergasse",urban,,,
6309343107,7.62336,47.57636,0.17,,,"data: March 2019
age: 2004
plantation: 2013
BS037447
Erlenparkweg 1

",avenue,,,
6311338986,7.6233,47.57633,0.20,,,"data: March 2019
age: 2004
plantation: 2013
BS037446
Erlenparkweg 2",avenue,,,
6311314118,7.62324,47.5763,0.24,,,"data: March 2019
age: 2004
plantation: 2013
BS037445
Erlenparkweg 3",avenue,,,
6311331680,7.62319,47.57627,0.25,,,"data: March 2019
age: 2004
plantation: 2013
BS037444
Erlenparkweg 4
",avenue,,,
6311301218,7.62313,47.57624,0.23,,,"data: March 2019
age: 2004
plantation: 2013
BS037443
Erlenparkweg 5",avenue,,,
6311661737,7.61115,47.57329,0.30,,,"data: March 2019
age: 1996
plantation: 2005
BS019458
Schorenweg",urban,,,
6311735264,7.62554,47.5591,0.65,,,"data: March 2019
age: 1985
plantation: 1994
BS031159
Kraftwerk Birsfelden",urban,,,
6311714899,7.62721,47.56678,0.96,,,"data: March 2019
age: 1980
plantation: 1989
BS021986
drei Linden
zwei (vier) stämmig
circumference 96cm and 89cm",urban,,,
6311368985,7.59328,47.57324,1.24,,,"data: March 2019
age: 1960
plantation: 1970
BS018094
Horburgpark
two burly: circumferences 0.64cm and 0.59cm",urban,,,
6311290851,7.62307,47.57621,0.20,,,"data: March 2019
age:  2004
plantation: 2013
BS037442
Erlenparkweg 6",avenue,,,
6389223014,7.6498517,47.5784117,0.81,,,"data: March 2019
Muehlestiegstrasse 44",garden,,,
6329260084,7.8399065,47.4851295,0.53,,,data: March 2019,landmark,,,
6329301625,7.6223452,47.546344,0.42,,,data: March 2019,urban,,,
6340557135,7.7598616,47.3938667,0.29,,,data: March 2019,,,,
6340560584,7.7598972,47.3938538,0.57,,,data: March 2019,,,,
6389409262,7.6177907,47.5461586,0.55,,,data: March 2019,park,,,
8048323485,7.6638223,47.3988149,0.06,,,data: March 2019,,,,
9167114403,8.2181843,47.5398738,0.08,,,data: March 2016,,,,
9167145669,8.2181532,47.5395535,0.08,,,data: March 2016,,,,
9167148384,8.2183212,47.5398216,0.06,,,data: March 2016,,,,
9167159728,8.2167035,47.5390938,0.24,,,data: March 2016,,,,
9124149495,8.0823426,47.4210116,0.10,,,data: March 2015,,,,
9124454079,7.9828876,47.5354878,0.09,,,data: March 2015,,,,
9142530622,8.0452014,47.479898,0.08,,,data: March 2015,,,,
9153141168,8.0270446,47.5278317,0.08,,,data: March 2015,,,,
9514291728,8.6621,49.191193,,,,data: March 1997,natural_monument,,,
9515873702,8.687692,49.181815,,,,data: March 1997,natural_monument,,,
9517548643,9.6763825,49.5402223,,,,data: March 1992,natural_monument,,,
9517572894,9.6760037,49.5397205,,,,data: March 1992,natural_monument,,,
9517591975,9.6756743,49.5407897,,,,data: March 1992,natural_monument,,,
9517784621,9.6756908,49.5404194,,,,data: March 1992,natural_monument,,,
9519314506,9.63514,49.535907,,,,data: March 1992,natural_monument,,,
9519356890,9.65733,49.506203,,,,data: March 1992,natural_monument,,,
9514041609,8.804543,49.055682,,,,data: March 1987,natural_monument,,,
9514041892,8.817517,49.050588,,,,data: March 1987,natural_monument,,,
9514075821,8.817417,49.0507,,,,data: March 1987,natural_monument,,,
9515956351,8.772383,49.057403,,,,data: March 1987,natural_monument,,,
9709677671,7.59686,47.5034791,0.45,,,"data: Mai 2022, plantation 2015",park,,,
9709807919,7.5972899,47.5034357,0.24,,,data: Mai 2022  plantation 2015,park,,,
9569711296,7.7896823,47.9587172,1.06,,,data: Mai 2022,,,,
9723531969,7.5300141,47.5101401,0.13,,,data: Mai 2022,,,,
9723531970,7.5301902,47.5101808,0.08,,,data: Mai 2022,,,,
9726828818,7.7891754,47.9637554,1.58,,,data: Mai 2022,agricultural,,,
9735699766,7.7923156,47.9578706,0.70,,,data: Mai 2022,agricultural,,,
9735699767,7.7923559,47.957964,0.38,,,data: Mai 2022,agricultural,,,
9735699768,7.7923827,47.9580502,0.43,,,data: Mai 2022,agricultural,,,
9788414980,7.5126699,47.5081645,0.13,,,data: Mai 2022,,,,
9781431686,9.7578303,54.0550092,0.2,,,data: Mai 2022,,,,
8691646569,7.8070318,47.4611034,0.84,,,"data: Mai 2021
plantation: 1991",garden,,,
8715494921,7.8502198,47.5283593,0.02,,,"data: Mai 2021
nearly dead, little root shot",agricultural,,,
8715427085,7.8501764,47.5283924,0.02,,,"data: Mai 2021
dead",agricultural,,,
8688430446,7.8048353,47.4619327,0.54,,,data: Mai 2021,,,,
8707240081,7.8076769,47.4611621,0.63,,,data: Mai 2021,garden,,,
8715483318,7.8500623,47.5281061,0.38,,,data: Mai 2021,agricultural,,,
8761897356,7.8084573,47.5065048,1.29,,,data: Mai 2021,,,,
9850842316,7.6696447,48.0686622,0.6 - 1.1,,,data: June 2022; ca. 20 Sorbus domestica along Fasanenweg,,,,
3632589235,7.6711643,48.069741,0.6 - 1.1,,,data: June 2022; ca 20 Sorbus domestica-trees along Fasanenweg,,,,
9851187491,7.6695119,47.5892854,0.23,,,"data: June 2022, position approximate",,,,
9851287143,7.6695668,47.5892901,0.44,,,"data: June 2022, position approximate",,,,
9851287144,7.6694735,47.5892718,0.22,,,"data: June 2022, position approximate",,,,
9851287145,7.6694028,47.5892671,0.22,,,"data: June 2022, position approximate",,,,
9851287146,7.6693278,47.5892595,0.32,,,"data: June 2022, position approximate",,,,
9851287147,7.6688836,47.5892347,0.54,,,"data: June 2022, position approximate",,,,
9851287148,7.66884,47.5892024,0.19,,,"data: June 2022, position approximate",,,,
9791011422,7.78699,47.4778,0.1,,,data: June 2022,,,,
9792552001,7.5743677,47.5396929,0.20,,,data: June 2022,urban,,,
9792571327,7.5742937,47.5396333,0.21,,,data: June 2022,urban,,,
9792649665,7.5495702,47.5009663,0.60,,,data: June 2022,urban,,,
9792719161,7.5356792,47.4978814,0.91,,,data: June 2022,,,,
9792731394,7.5358103,47.4976416,0.56,,,data: June 2022,,,,
9807360117,7.5356866,47.4981371,0.3,,,data: June 2022,,,,
9850930420,7.6557445,47.5817454,1.04,,,data: June 2022,garden,,,
9851056057,7.67732,47.59213,0.11,,,data: June 2022,,,,
9851108764,7.6775304,47.592006,0.56,,,data: June 2022,,,,
8867742866,8.2094261,47.5381322,0.67,,,data: June 2021; wurde von W. Keller 1999/2001 nicht vemessen und ist nicht Bestandteil seiner pflanzensoziologischen Aufnahmen.,,,,
8867721308,8.2092119,47.5380987,0.55,,,"data: June 2021
circumference W. Keller 2001: 42cm, diameter: 13.4cm, Wurzelbruten 2021 und 2001 Tab. Nr. 2",,,,
8867700672,8.2079749,47.5382562,0.5,,,"data: June 2021
circumference W. Keller 2001: 37cm, diameter: 11.9cm",,,,
8809816430,7.6620811,47.522972,0.04,,,data: June 2021,,,,
8809903178,7.7135232,47.4416064,0.43,,,data: June 2021,,,,
8809904973,7.71336,47.4416929,0.47,,,data: June 2021,,,,
6497529599,7.6747628,47.5152544,0.34,,,"data: June 2020, fruits 2020, ",agricultural,,,
6497529589,7.675509,47.514952,0.33,,,data: June 2020,agricultural,,,
7597793734,7.6742711,47.5148676,0.41,,,data: June 2020,agricultural,,,
7597841236,7.6743522,47.5156076,0.40,,,data: June 2020,agricultural,,,
9517849302,9.148625,48.790032,,,,data: June 2003,natural_monument,,,
9511120994,8.639233,48.939008,,,,data: June 1991,natural_monument,,,
9513043284,8.628555,48.919263,,,,data: June 1991,natural_monument,,,
9513098718,8.63421,48.939082,,,,data: June 1991,natural_monument,,,
9791012277,7.7871592,47.4777057,0.14,,,data: July 2022,,,,
9791022268,7.78708,47.47769,0.10,,,data: July 2022,,,,
9865548515,7.5638172,47.4606122,,,,data: July 2022,,,,
9865918069,7.5658107,47.4650351,,,,data: July 2022,,,,
9867755315,7.5664265,47.4637347,,,,data: July 2022,,,,
9868065373,7.5746549,47.4848962,,,,data: July 2022,,,,
9870215052,7.5637761,47.5471178,0.18,,,data: July 2022,,,,
9874113669,7.7873054,47.4777239,0.01,,,data: July 2022,,,,
9874200827,7.7871825,47.4777632,0.15,,,data: July 2022,,,,
8942439075,7.8895995,47.5105935,,,,"data: July 2021
plantation with Sorbus domestica",,,,
8942475921,7.9023916,47.5033939,,,,"data: July 2021
plantation of Sorbus domestica and Sorbus torminalis",,,,
8926976729,7.6676359,47.5848341,0.8,,,"data: July 2021
circumference estimated",,,,
8912310433,8.1720477,47.518539,0.39,,,"data: July 2021
circumference W. Keller 2001: 30cm, diameter 9.5cm",,,,
8933159931,8.0598878,47.3667725,0.30,,,data: July 2021,,,,
8933159932,8.0599414,47.366794,0.25,,,data: July 2021,,,,
8941822263,7.9800252,47.5056665,0.57,,,data: July 2021,,,,
8941898795,7.9778083,47.5118073,0.16,,,data: July 2021,,,,
8941916603,7.975444,47.5122769,0.07,,,data: July 2021,,,,
8941937915,7.9754256,47.5122844,0.23,,,data: July 2021,,,,
8942445211,7.9488183,47.5228387,0.19,,,data: July 2021,,,,
8947089128,8.1764921,47.5170602,,,,data: July 2021,,,,
8947133999,8.1767894,47.5170259,0.47,,,data: July 2021,,,,
8947223532,8.1766226,47.5170309,0.32,,,data: July 2021,,,,
8947240850,8.1768981,47.5170211,0.32,,,data: July 2021,,,,
8949504117,8.1921036,47.5157447,0.65,,,data: July 2021,,,,
8949524935,8.2078677,47.5153198,0.1,,,data: July 2021,,,,
8949570874,8.125564,47.5685263,0.84,,,data: July 2021,,,,
6598972267,7.8123848,47.4645706,1.30,,,"data: July 2019, plantation 1968 / fruits 1981",garden,,,
6614870445,7.6411268,47.4928289,0.90,,,"data: July 2019
September 2019: 5-8 fruits",natural_monument,,,
6614895370,7.6414257,47.4926694,1.03,,,"data: July 2019
September 2019: 4-5 fruits",,,,
6593029973,7.8838526,47.4323782,0.10,,,data: July 2019,street,,,
6610618476,7.9082676,47.4605589,0.10,,,data: July 2019,,,,
6610970450,7.9215605,47.4704736,0.13,,,data: July 2019,,,,
6614865775,7.6411385,47.4928275,0.32,,,data: July 2019,,,,
6614875459,7.6411131,47.4928344,0.17,,,data: July 2019,,,,
6625023564,7.6703514,47.5874748,0.06,,,data: July 2019,,,,
6629900505,7.7534596,47.459642,0.63,,,data: July 2019,,,,
6632059546,7.7044599,47.4761615,1.49,,,data: July 2019,natural_monument,,,
6635817838,7.7462803,47.4339025,0.1,,,data: July 2019,,,,
6635822881,7.7493146,47.4344338,0.14,,,data: July 2019,,,,
6635823397,7.7461262,47.4336524,0.04,,,data: July 2019,,,,
6641809106,7.9007571,47.48132,0.30,,,data: July 2019,,,,
6641844474,7.9007671,47.4813465,0.19,,,data: July 2019,,,,
6641892024,7.9008248,47.4812824,0.21,,,data: July 2019,,,,
6641896300,7.9007932,47.4813726,0.21,,,data: July 2019,,,,
6641898644,7.9009455,47.4812671,0.23,,,data: July 2019,,,,
6646951786,7.9211213,47.469431,0.04,,,data: July 2019,,,,
6646951787,7.9210987,47.4692049,0.3,,,data: July 2019,,,,
6646951788,7.9183676,47.4686398,1.0,,,data: July 2019,,,,
6646951789,7.9173291,47.4692852,0.12,,,data: July 2019,,,,
6646951790,7.9172083,47.4695178,0.08,,,data: July 2019,,,,
6653739543,7.9122176,47.4680813,0.20,,,data: July 2019,,,,
9149403972,8.158298,47.5722352,0.37,,,data: July 2015,,,,
9149453909,8.1582449,47.5722363,0.33,,,data: July 2015,,,,
9149510170,8.158134,47.5722383,0.17,,,data: July 2015,,,,
9149997842,8.1581917,47.5722502,0.39,,,data: July 2015,,,,
9240977543,8.9656517,46.1218945,0.07,,,data: July 2015,,,,
9124209092,8.3350331,47.359204,0.2,,,data: July 2014,,,,
9124231502,8.3345308,47.3587928,0.31,,,data: July 2014,,,,
9130051935,8.0009955,47.493417,0.12,,,data: July 2014,,,,
9130525893,8.0009926,47.4933468,0.09,,,data: July 2014,,,,
9130527673,8.0010297,47.4933719,0.13,,,data: July 2014,,,,
9130558106,8.0009044,47.493329,0.15,,,data: July 2014,,,,
9153028724,7.7650134,47.5291549,0.2,,,data: July 2014,,,,
9153154131,7.7637336,47.5295621,0.24,,,data: July 2014,,,,
9153157568,7.7711121,47.5358439,0.45,,,data: July 2014,,,,
9240881700,8.9658039,46.1218427,0.11,,,data: July 2014,,,,
9241005974,8.9656107,46.1219943,0.11,,,data: July 2014,,,,
3845891687,7.8090954,48.0055184,0.9 estimation,,,data: July 2012 (Naturgucker) April 2022,,,,
9517862614,9.0495398,49.004561,,,,data: July 1989,natural_monument,,,
9517955931,9.0489302,49.004561,,,,data: July 1989,natural_monument,,,
9519131406,8.999365,49.021167,,,,data: July 1989,natural_monument,,,
9519133461,8.9152,49.021855,,,,data: July 1989,natural_monument,,,
9519241348,8.996753,49.00982,,,,data: July 1989,natural_monument,,,
9268272610,7.6684752,47.7111105,1.65,,,data: July 1987 / November 2021,natural_monument,,,
9268661746,7.6683038,47.7111584,1.95,,,data: July 1987 / November 2021,natural_monument,,,
9484011043,7.631857,47.705395,1.80,,,data: July 1987 / February 2022,natural_monument,,,
9484494681,7.650275,47.73319,2.32,,,data: July 1987 / February 2022,natural_monument,,,
9517158128,9.024135,49.038753,,,,data: July 1986,natural_monument,,,
9521840303,9.012032,49.035665,,,,data: July 1986,natural_monument,,,
9521852395,8.9176903,49.056971,,,,data: July 1986,natural_monument,,,
9521963156,9.365332,49.191258,,,,data: July 1986,natural_monument,,,
9522012958,8.950973,49.049027,,,,data: July 1986,natural_monument,,,
9522032040,8.971318,49.046975,,,,data: July 1986,natural_monument,,,
9392850116,7.6672769,47.7336866,0.36,,,data: January 2022,,,,
9400294893,7.6850933,47.4387438,0.01,0.2,,data: January 2022,,,,
9400313667,7.6864637,47.4394927,0.01,0.20,,data: January 2022,,,,
6204361178,7.6507162,47.4881147,0.87,,,data: January 2019one young and two very young trees close to itSeptember 2019: no fruits,natural_monument,,,
6222017866,7.7664432,47.4775566,0.79,,,data: January 2019 / plantation 1992  / dedicated to Dieter Rudin,natural_monument,,,
6245304375,7.6208369,47.5520165,0.57,,,"data: January 2019
plantation 1994",urban,,,
6204353586,7.6507657,47.4881603,0.81,,,"data: January 2019
one young and two very young trees close to it
September 2019: no fruits",natural_monument,,,
6237078210,7.7380471,47.4912251,1.15,,,data: January 2019,natural_monument,,,
6238590133,7.8060611,47.4946819,0.51,,,data: January 2019,,,,
6242023219,7.6401668,47.5879275,0.52,,,data: January 2019,,,,
6242029434,7.643361,47.5898512,0.70,,,data: January 2019,,,,
6245330747,7.6769271,47.5921415,0.46,,,data: January 2019,,,,
6250120290,7.6696562,47.5874623,0.09,,,data: January 2019,,,,
9134696275,8.0025181,47.4990388,0.18,,,data: January 2015,garden,,,
9134752923,7.9995729,47.4919123,0.21,,,data: January 2015,,,,
9140524719,8.0664306,47.4745256,0.18,,,data: January 2015,,,,
9140568244,8.0665014,47.4745362,0.23,,,data: January 2015,,,,
9140610029,8.0673895,47.474597,0.25,,,data: January 2015,,,,
9142585501,8.0696923,47.4688169,0.19,,,data: January 2015,,,,
9142610439,8.0695185,47.4689357,0.17,,,data: January 2015,,,,
9240725794,8.2850415,47.1791441,0.13,,,data: January 2015,,,,
9410699539,7.739127,47.883528,2.65,,,"data: January 2010 / January 2022, year of plantation 1910",natural_monument,,,
9410644835,7.73292,47.887967,1.44,,,data: January 2010 / January 2022,natural_monument,,,
9124027065,8.0824269,47.4209361,0.17,,,data: Januar 2015,,,,
6592973774,7.8679344,47.4414649,0.12,,,"data: Jan 2021
circumference July 2019: 10cm",,,,
6635811239,7.7638086,47.3874318,0.43,,,"data: Jan 2021
circumference Jul 2019: 38cm",,,,
9484646090,7.6470832,47.7361689,0.77,,,data: February 2022,,,,
9144560277,8.0460831,47.5357664,0.62,,,data: February 2015,,,,
9167838573,7.9918607,47.4584644,0.33,,,data: February 2015,,,,
9167838801,7.9916823,47.4585706,0.4,,,data: February 2015,,,,
9167869476,7.991912,47.4583448,0.21,,,data: February 2015,,,,
9091622670,7.650502,47.803302,2.45,,,data: February 2010 / September 2021,"natural_monument,_agricultural",,,
9091633424,7.651597,47.803278,2.3,,,data: February 2010 / September 2021,"natural_monument,_garden",,,
9091891258,7.676852,47.827605,2.46,,,data: February 2010 / September 2021,"garden,_natural_monument",,,
9416383147,7.672333,47.822507,2.0,,,data: February 2010 / January 2022,natural_monument,,,
9416419127,7.638625,47.801597,2.3,,,data: February 2010 / January 2022,natural_monument,,,
7040864440,7.8009767,47.4728794,0.29,,,"data: Decmber 2019
2020: fruits",agricultural,,,
9347545071,7.7001676,47.5052376,0.03,0.70,,data: Decenber 2021 plantation,,,,
9514180204,8.68654,49.202,,,,data: Decenber 1987,natural_monument,,,
9365406931,7.7066676,47.5169075,0.06,,,"data: December 2021, plantation 2021",,,,
9365423127,7.7066591,47.5169818,0.06,,,"data: December 2021, plantation 2021",,,,
9347506490,7.7006356,47.5052409,0.03,0.35,,data: December 2021 plantation,,,,
9311076073,7.9469433,47.4309971,0.18,,,data: December 2021,,,,
9349575503,7.7885804,47.4761901,0.03,0.6,,data: December 2021,,,,
9349584511,7.7884563,47.4761222,0.03,0.43,,data: December 2021,,,,
9349601934,7.7884514,47.4761768,0.03,0.55,,data: December 2021,,,,
9352339809,7.6654002,47.5154925,0.03,0.95,,data: December 2021,,,,
9352347496,7.6656692,47.5154482,0.03,0.95,,data: December 2021,,,,
9352357419,7.6650475,47.5155565,0.03,0.44,,data: December 2021,,,,
9352372084,7.6655856,47.5154633,0.03,0.4,,data: December 2021,,,,
9352570480,7.7064102,47.5274034,0.03,0.28,,data: December 2021,,,,
9352573039,7.7105052,47.5306693,0.03,0.9,,data: December 2021,,,,
9352574334,7.7082929,47.5291793,0.03,0.25,,data: December 2021,,,,
9352578093,7.7076354,47.5287169,0.03,0.85,,data: December 2021,,,,
9352595513,7.7072295,47.5284293,0.03,0.88,,data: December 2021,,,,
9359019789,7.663833,47.4022826,0.08,,,data: December 2021,,,,
9380188262,7.8363195,47.4623221,0.13,,,data: December 2021,,,,
8254193495,7.7227854,47.4998215,0.11,,,"data: December 2020, 7 trees",,,,
8254182096,7.7241763,47.495778,0.16,,,"data: December 2020,  10  trees",,,,
8219226911,7.630228,47.5032628,0.52,,,data: December 2020,,,,
7040849289,7.8008744,47.4727692,0.25,,,"data: December 2019
2020: fruits",agricultural,,,
7042118181,7.6699529,47.5874468,0.08,,,data: December 2019,,,,
7091930900,7.6507631,47.488093,0.06,,,data: December 2019,,,,
6170636811,7.8007865,47.479065,0.30,,,"data: December 2018, tree plantation",,,,
1676933529,7.7634334,47.4803845,1.06,,,data: December 2018 circumference 2011: 97cm,,,,
1676933509,7.7691148,47.4789334,0.70,,,data: December 2018 circumference 2011: 63cm,,,,
1676933505,7.7711332,47.4769665,2.08,,,"data: December 2018 circumference 2011: 197cm; zweistämmig, ein Stamm abgebrochen (April 2019)",natural_monument,,,
6158679478,7.6592868,47.5139552,0.25,,,data: December 2018 September 2019: ca. 30 fruits,,,,
6170656983,7.9301487,47.4506285,0.89,,,data: December 2018 / tree planting,,,,
1676933535,7.7744496,47.4816501,1.03,,,"data: December 2018 
circumference 1983: 72cm (P. Rieder)
diameter ca. 1955: 13cm (W. Plattner NGBL)",,,,
1676933536,7.7738333,47.4816667,1.52,,,"data: December 2018 
circumference 1983: 130cm (P. Rieder)
diameter ca. 1955: 33cm (W Plattner NGBL)",natural_monument,,,
1676933532,7.7745497,47.4816334,1.10,,,"data: December 2018
circumference 1983: 70cm (P. Rieder)
diameter ca. 1955: 18cm (W. Plattner NGBL)",,,,
6166893785,7.6248476,47.5043843,1.22,,,"data: December 2018
September 2019: no fruits, August 2020 with fruits",natural_monument,,,
9168327883,7.8950852,47.5475233,0.79,,,data: December 2016,,,,
9152544886,7.9041012,47.5496527,0.27,,,data: December 2015,,,,
9152592141,7.9032734,47.5483737,0.48,,,data: December 2015,,,,
9152596596,7.9021046,47.5486725,0.19,,,data: December 2015,,,,
9152600897,7.9035237,47.5484143,0.48,,,data: December 2015,,,,
9152618051,7.9014141,47.548833,0.73,,,data: December 2015,,,,
9152627065,7.8985902,47.5495445,0.06,,,data: December 2015,,,,
9152628520,7.9016511,47.5487831,0.42,,,data: December 2015,,,,
9152650929,7.8984921,47.5486333,0.23,,,data: December 2015,,,,
9152678345,7.8962709,47.5473124,0.51,,,data: December 2015,,,,
9152702531,7.8963301,47.5473011,0.39,,,data: December 2015,,,,
9152707325,7.8972514,47.546714,0.3,,,data: December 2015,,,,
9152713265,7.8971718,47.5468127,0.51,,,data: December 2015,,,,
9152911577,7.8987111,47.5460103,0.47,,,data: December 2015,,,,
9152912265,7.8990308,47.5460137,0.13,,,data: December 2015,,,,
9152925523,7.8985807,47.545373,0.47,,,data: December 2015,,,,
9152941063,7.8991633,47.5451139,0.31,,,data: December 2015,,,,
9152948606,7.8993537,47.5452945,0.42,,,data: December 2015,,,,
9152967557,7.8992243,47.5451623,0.31,,,data: December 2015,,,,
9152975516,7.8993215,47.5453821,0.50,,,data: December 2015,,,,
9152976585,7.8991135,47.545094,0.08,,,data: December 2015,,,,
9152984117,7.8993003,47.5452138,0.45,,,data: December 2015,,,,
9153011883,7.8991912,47.5453429,0.62,,,data: December 2015,,,,
9153026778,7.9010714,47.5478249,0.19,,,data: December 2015,,,,
9153111142,7.9016225,47.5480616,0.08,,,data: December 2015,,,,
9124511613,8.0316745,47.4999977,,,,data: December 2014,,,,
9124559087,8.0315523,47.5000149,0.25,,,data: December 2014,,,,
9124737532,8.0314248,47.5000473,0.24,,,data: December 2014,,,,
9124752564,8.0311637,47.5000779,0.16,,,data: December 2014,,,,
9124765715,8.0312897,47.500068,0.18,,,data: December 2014,,,,
9124833006,8.030908,47.500127,0.25,,,data: December 2014,,,,
9124885320,8.0307891,47.500157,,,,data: December 2014,,,,
9124925701,8.0306594,47.5001672,0.16,,,data: December 2014,,,,
9124928589,8.0289142,47.5010247,0.15,,,data: December 2014,,,,
9124956855,8.0290438,47.5011774,0.38,,,data: December 2014,,,,
9142505588,8.0455239,47.4796189,0.12,,,data: December 2014,,,,
9142514926,8.0453882,47.4795549,0.19,,,data: December 2014,,,,
9168113684,8.0231533,47.4641938,0.08,,,data: December 2014,,,,
9513338279,8.550612,48.991598,,,,data: December 1995,natural_monument,,,
9513418798,8.534768,48.985021,,,,data: December 1995,natural_monument,,,
9513538350,8.533899,48.985431,,,,data: December 1995,natural_monument,,,
9513689999,8.533416,48.985519,,,,data: December 1995,natural_monument,,,
9513696084,8.53532,48.98286,,,,data: December 1995,natural_monument,,,
9513785184,8.539265,48.98471,,,,data: December 1995,natural_monument,,,
9513357840,8.532683,48.990232,,,,data: December 1987,natural_monument,,,
9514177964,8.68438,49.202225,,,,data: December 1987,natural_monument,,,
9514239967,8.881582,49.097392,,,,data: December 1987,natural_monument,,,
9516009748,8.686982,49.226843,,,,data: December 1987,natural_monument,,,
9517181500,9.886137,49.50536,,,,data: December 1981,natural_monument,,,
9517451471,9.885038,49.503765,,,,data: December 1981,natural_monument,,,
9519381945,9.588683,49.455285,,,,data: December 1981,natural_monument,,,
9521719481,9.643292,49.492765,,,,data: December 1981,natural_monument,,,
9521888457,9.539195,49.488307,,,,data: December 1981,natural_monument,,,
7086822647,7.6404037,47.4927241,0.03,,,data: Dec. 2019,,,,
6124184175,7.7427745,47.5064118,0.28,,,data: Dec. 2018 / tree planting,,,,
7086858904,7.6404321,47.4927141,0.30,,,data: Dec 2019,,,,
9510134349,8.744128,49.017447,,,,data: Augustst 2011,natural_monument,,,
8975613306,8.2228982,47.5922138,0.03,,,data: August 2021; 6 little trees,,,,
9044282157,8.2388219,47.5765082,0.11,,,"data: August 2021, some fruits",,,,
9044271251,8.3753352,47.543875,0.78,,,"data: August 2021,  some fruits",landmark,,,
9010409276,7.6552675,47.5862935,0.3,,,data: August 2021,avenue,,,
9044259517,7.7712895,47.3505272,0.25,,,data: August 2021,,,,
9044264011,8.0317034,47.3759854,0.73,,,data: August 2021,,,,
9048798054,8.1254745,47.5685393,0.85,,,data: August 2021,,,,
9048807951,8.1256631,47.5685838,0.69,,,data: August 2021,,,,
9048865396,8.2745085,47.5738512,0.33,,,data: August 2021,,,,
9048912974,8.2743155,47.5738315,0.47,,,data: August 2021,,,,
9048923744,8.2743015,47.5737512,0.43,,,data: August 2021,,,,
9048950353,8.2741267,47.5738127,0.28,,,data: August 2021,,,,
9048978604,8.273535,47.5737683,0.37,,,data: August 2021,,,,
9048983632,8.2737225,47.5737777,,,,data: August 2021,,,,
9048986895,8.273924,47.5737931,0.43,,,data: August 2021,,,,
9049054242,8.27354,47.573699,0.42,,,data: August 2021,,,,
9049055236,8.2737377,47.5737136,0.36,,,data: August 2021,,,,
9049128861,8.2726681,47.5736951,0.41,,,data: August 2021,,,,
9049150911,8.2724865,47.5736771,0.37,,,data: August 2021,,,,
9049154607,8.2724758,47.5736158,0.47,,,data: August 2021,,,,
9049181528,8.2722836,47.5736681,0.41,,,data: August 2021,,,,
9049236121,8.2722782,47.573596,0.25,,,data: August 2021,,,,
9049241276,8.2720753,47.5736482,0.39,,,data: August 2021,,,,
9049266227,8.2720833,47.5735852,0.37,,,data: August 2021,,,,
9049284165,8.271883,47.5736302,0.28,,,data: August 2021,,,,
9049310171,8.2716839,47.5736123,0.40,,,data: August 2021,,,,
9049335662,8.2714881,47.5736012,0.39,,,data: August 2021,,,,
9052544207,8.0050184,47.2897559,0.32,,,data: August 2021,,,,
7835303525,8.1745104,47.5233478,0.91,,,data: August 2020,natural_monument,,,
7835753127,8.1755723,47.5173868,0.75,,,data: August 2020,natural_monument,,,
7835782425,8.1749844,47.5174615,0.91,,,data: August 2020,natural_monument,,,
9136135571,8.0001394,47.4959694,0.35,,,data: August 2017,,,,
9241055688,8.4628444,47.1385135,0.21,,,data: August 2017,agricultural,,,
9241064072,8.4625139,47.1383728,0.22,,,data: August 2017,agricultural,,,
9241067584,8.462742,47.1384635,0.22,,,data: August 2017,agricultural,,,
9241084058,8.462621,47.1384228,0.23,,,data: August 2017,agricultural,,,
9241132264,8.4629542,47.1385639,0.22,,,data: August 2017,agricultural,,,
9241159691,8.4628347,47.138631,0.23,,,data: August 2017,agricultural,,,
9241188265,8.4627211,47.1385645,0.23,,,data: August 2017,agricultural,,,
9241196056,8.4623747,47.1385235,0.25,,,data: August 2017,agricultural,,,
9241210208,8.4626137,47.1385236,0.19,,,data: August 2017,agricultural,,,
9241218522,8.4624942,47.1384716,0.22,,,data: August 2017,agricultural,,,
9241224514,8.4624801,47.1385735,0.25,,,data: August 2017,agricultural,,,
9241236686,8.4626015,47.1386249,0.24,,,data: August 2017,agricultural,,,
9241252536,8.4628145,47.1387144,0.25,,,data: August 2017,agricultural,,,
9241267576,8.4627033,47.1386648,0.25,,,data: August 2017,agricultural,,,
9146027563,8.1149028,47.5692654,0.79,,,data: August 2014,,,,
9146874488,8.1148267,47.5691785,0.26,,,data: August 2014,,,,
9167391296,7.9675133,47.4889819,0.47,,,data: August 2014,,,,
9167400503,7.9672135,47.4889817,0.48,,,data: August 2014,,,,
9167451508,7.9447813,47.4726411,0.35,,,data: August 2014,,,,
9167457346,7.9446733,47.4726942,0.39,,,data: August 2014,,,,
9167482732,7.9552739,47.4748811,0.18,,,data: August 2014,,,,
9167508010,7.9586733,47.4927415,0.12,,,data: August 2014,,,,
9167537407,7.9491527,47.4838109,0.28,,,data: August 2014,,,,
9240772595,8.5432237,47.0142633,0.07,,,data: August 2014,,,,
2026928979,8.745458,49.014033,,,,data: August 2011,natural_monument,,,
2124879346,8.752117,48.997125,,,,data: August 2011,natural_monument,,,
3647302373,8.764035,49.011195,,,,data: August 2011,natural_monument,,,
3647302374,8.769652,49.01778,,,,data: August 2011,natural_monument,,,
4128107709,8.911702,48.999163,,,,data: August 2011,natural_monument,,,
4665610633,8.851728,49.042578,,,,data: August 2011,natural_monument,,,
9507943747,8.761323,49.012502,,,,data: August 2011,natural_monument,,,
9508011193,8.762183,49.009672,,,,data: August 2011,natural_monument,,,
9508025159,8.778478,49.031195,,,,data: August 2011,natural_monument,,,
9509235234,8.782265,49.018892,,,,data: August 2011,natural_monument,,,
9509242407,8.786835,49.018082,,,,data: August 2011,natural_monument,,,
9510027414,8.754755,49.016662,,,,data: August 2011,natural_monument,,,
9510039590,8.814457,48.901853,,,,data: August 2011,natural_monument,,,
9510105558,8.80185,48.909997,,,,data: August 2011,natural_monument,,,
9510184936,8.745633,49.017055,,,,data: August 2011,natural_monument,,,
9510287448,8.745498,49.016875,,,,data: August 2011,natural_monument,,,
9510592114,8.748367,49.017268,,,,data: August 2011,natural_monument,,,
9510671449,8.653367,48.960012,,,,data: August 2011,natural_monument,,,
9510748522,8.74587,48.981357,,,,data: August 2011,natural_monument,,,
9510787071,8.56036,48.94119,,,,data: August 2011,natural_monument,,,
9510877833,8.70748,48.976977,,,,data: August 2011,natural_monument,,,
9510893407,8.68548,48.986648,,,,data: August 2011,natural_monument,,,
9510901355,8.686748,48.984998,,,,data: August 2011,natural_monument,,,
9510989976,8.614442,48.926995,,,,data: August 2011,natural_monument,,,
9513118065,8.764207,48.957558,,,,data: August 2011,natural_monument,,,
9513122418,8.628578,48.919848,,,,data: August 2011,natural_monument,,,
6685472910,7.6189078,47.5157771,0.45,,,data: Aug. 2019 three-stemmed tree: 29cm / 29cm / 21cm,,,,
6681329894,7.6076005,47.5028197,0.19,,,data: Aug. 2019,,,,
6681336790,7.6075476,47.5026718,0.18,,,data: Aug. 2019,,,,
6681343516,7.6074382,47.5022759,0.12,,,data: Aug. 2019,,,,
6682054376,7.607311,47.5018351,0.05,,,data: Aug. 2019,,,,
6682066234,7.6072397,47.5016172,0.15,,,data: Aug. 2019,,,,
6682076470,7.6073795,47.5021035,0.17,,,data: Aug. 2019,,,,
6682084494,7.6072715,47.5017197,0.10,,,data: Aug. 2019,,,,
6685391167,7.6221182,47.5415741,0.14,,,data: Aug. 2019,urban,,,
6685502304,7.7041806,47.4340577,0.13,,,data: Aug. 2019,,,,
6696875725,7.4302905,47.454887,0.56,,,data: Aug. 2019,,,,
6696940156,6.856355,46.8525792,1.34,,,data: Aug. 2019,,,,
6696940308,6.8561921,46.8525319,0.64,,,data: Aug. 2019,,,,
6696975458,6.8557392,46.8523998,0.41,,,data: Aug. 2019,,,,
6697034378,6.8553879,46.8522977,0.54,,,data: Aug. 2019,,,,
6697044894,6.8551757,46.8522341,1.80,,,data: Aug. 2019,,,,
8975347684,8.2543343,47.5889121,0.58,,,data: Aug 2021,,,,
9688736489,7.6784285,48.0715926,35-80-110cm,,,"data: April 2022, group of about 60 individuals of Sorbus domestica (service trees)",,,,
9669959249,7.6356945,48.0179382,0.27,,,"data: April 2022, Position überprüfen",,,,
9688721189,7.6791773,48.0719964,35-80-110cm,,,"data: April 2022,  group of approx 60 individuals of Sorbus domestica (Service trees)",,,,
9669972390,7.5823249,48.0358655,0.68,,,"data: April 2022,  Bestimmung nachprüfen",,,,
9210277950,7.8596084,48.0094061,0.58,,,data: April 2022 circumfernece,,,,
9585886747,7.6286368,47.6994294,0.88,,,data: April 2022 Paul Finus 2013-14,,,,
3781031745,7.8814688,47.9920682,0.2,,,data: April 2022,,,,
3803969356,7.8174517,47.9767993,0.51,,,data: April 2022,,,,
3803970260,7.8173631,47.9768842,0.59,,,data: April 2022,,,,
3803970263,7.8174382,47.9768937,0.76,,,data: April 2022,,,,
9569647584,7.6345429,48.0046348,0.32,,,data: April 2022,,,,
9669962304,7.6369037,48.0038092,0.56,,,data: April 2022,,,,
9670003379,7.6351337,48.0044387,0.46,,,data: April 2022,,,,
9670009712,7.6347838,48.0045603,0.47,,,data: April 2022,,,,
9670036932,7.6350702,48.0044533,0.66,,,data: April 2022,,,,
9670045253,7.63697,48.0037887,0.78,,,data: April 2022,,,,
9693156275,7.8243322,47.9756053,,,,data: April 2022,,,,
9693156276,7.8242887,47.975517,,,,data: April 2022,,,,
9693156277,7.8242255,47.9754275,,,,data: April 2022,,,,
9693156278,7.8241723,47.9753223,,,,data: April 2022,,,,
9693156279,7.8241267,47.9752143,,,,data: April 2022,,,,
8674200430,7.8750834,47.4727386,0.19,,,"data: April 2021, plantation 2020",garden,,,
8654695833,7.6831821,47.4999949,0.03,,,data: April 2021 plantation: April 2021,,,,
8674218192,7.796493,47.4927651,0.45,,,"data: April 2021
many fruits in 2020",agricultural,,,
8680766109,7.8153695,47.4965896,0.86,,,"data: April 2021
fruits 2020",agricultural,,,
8680849507,7.8119047,47.4966795,0.85,,,"data: April 2021
fruits 2020",agricultural,,,
8637559559,7.6248021,47.5170442,0.06,,,data: April 2021,,,,
8637585964,7.6250423,47.5170182,0.06,,,data: April 2021,,,,
8637585965,7.6253612,47.5169819,0.06,,,data: April 2021,,,,
8637585966,7.6256275,47.5169717,0.06,,,data: April 2021,,,,
8653304069,7.7050533,47.4995619,0.22,5,,data: April 2021,,,,
8653472028,7.6974773,47.5007317,0.09,,,data: April 2021,,,,
9049264506,8.2718914,47.5735693,0.40,,,data: April 2021,,,,
7383062323,7.7092963,47.529817,0.84,,,"data: April 2020,",agricultural,,,
7380809553,7.7074804,47.5285961,0.56,,,data: April 2020,agricultural,,,
7390590129,7.7108853,47.5304421,0.25,,,data: April 2020,agricultural,,,
7390612624,7.7097317,47.5301345,0.82,,,data: April 2020,agricultural,,,
7418802584,7.7489317,47.4597108,0.49,,,data: April 2020,,,,
7421364454,7.7353492,47.3824937,0.32,,,data: April 2020,agricultural,,,
7421552819,7.7357097,47.3817623,0.29,,,data: April 2020,agricultural,,,
7421672475,7.7362453,47.3817018,0.34,,,data: April 2020,agricultural,,,
7422131243,7.7492971,47.4597197,0.26,,,data: April 2020,,,,
6393430398,7.5638332,47.5698979,0.36,,,"data: April 2019,  fruits 2019
plantation: 2000
UPK-E.060",park,,,
6393471061,7.5643749,47.5695545,0.31,,,"data: April 2019,  fruits 2019
plantation 2000
zweistämmig (two burly)
UPK-E.061",park,,,
6389488274,7.5750476,47.5634167,0.62,,,"data: April 2019, 
2019: fruits",street,,,
6389566601,7.5684955,47.571574,0.01,,,data: April 2019 plantation 1995     cut: 2018? circumference 2018?   0.42cm UPK-A.068,park,,,
6396887938,7.5619291,47.5730189,0.25,,,"data: April 2019
zweistämmig (two burly)  
circumference: 25cm  / 20cm",street,,,
6385819529,7.6577908,47.5893242,0.20,,,"data: April 2019
plantation: 2019",garden,,,
6393359349,7.5632443,47.5703455,0.28,,,"data: April 2019
plantation 2003
UPK-J.096",park,,,
6393359348,7.5632634,47.5703404,0.26,,,"data: April 2019
plantation 2003
UPK-J.094",park,,,
6393258081,7.5672254,47.572676,0.01,,,"data: April 2019
plantation 1995     cut: 2018?
circumference 2018?   0.43cm
UPK-F.041

UPK-F.041
circumference old: 43cm",park,,,
6393326016,7.5671174,47.5727419,0.45,,,"data: April 2019
plantation 1995
UPK-F.040",park,,,
6389512976,7.5679181,47.5721789,0.42,,,"data: April 2019
plantation 1995
UPK-A.063
",park,,,
6387403817,7.6578713,47.565302,0.29,,,"data: April 2019
plantation 1994",,,,
6402606522,7.7814914,47.511748,0.90,,,"data: April 2019
many fruits: Sept. 2019",garden,,,
6385764890,7.6431905,47.4947648,1.01,,,"data: April 2019
September 2019: no fruits, August 2020 no fruits",natural_monument,,,
6396876582,7.5644602,47.5736266,0.05,,,"data: April 2019
",street,,,
6429899737,7.5769,47.544439,0.37,,,data: April 2019,park,,,
6436905403,7.7635002,47.4797557,1.17,,,data: April 2019,natural_monument,,,
9167723495,7.973704,47.479803,0.23,,,data: April 2015,,,,
9167732599,7.9738824,47.4804646,0.21,,,data: April 2015,,,,
9167745170,7.9740628,47.4805839,0.11,,,data: April 2015,,,,
9167786601,7.9742439,47.4800637,0.13,,,data: April 2015,,,,
9167829335,7.9740444,47.4803147,0.19,,,data: April 2015,,,,
9167879313,7.9808737,47.4499607,0.31,,,data: April 2015,,,,
9167918794,7.9809608,47.449961,0.27,,,data: April 2015,,,,
9167944543,7.9810944,47.4499628,0.37,,,data: April 2015,,,,
9168070113,7.9954941,47.4747305,0.23,,,data: April 2015,,,,
9168160696,7.9751918,47.4520046,0.21,,,data: April 2015,,,,
9168208632,7.9753331,47.4524944,0.24,,,data: April 2015,,,,
9168212006,7.976333,47.4524422,0.22,,,data: April 2015,,,,
9168212511,7.9764904,47.4523711,0.30,,,data: April 2015,,,,
9168221759,7.9769702,47.4538438,0.16,,,data: April 2015,,,,
9168282992,7.9917704,47.4719939,0.18,,,data: April 2015,,,,
9168307481,7.991802,47.4720534,0.15,,,data: April 2015,,,,
9240588975,8.6056533,47.691274,0.25,,,data: April 2015,,,,
9240603258,8.6050603,47.6918644,0.22,,,data: April 2015,,,,
9516251364,8.924217,49.029697,,,,data: April 1993,natural_monument,,,
9516307947,9.064298,48.997858,,,,data: April 1993,natural_monument,,,
9516369667,8.891915,49.043865,,,,data: April 1993,natural_monument,,,
9516465287,8.8961,49.0432,,,,data: April 1993,natural_monument,,,
9516512504,8.99948,49.021217,,,,data: April 1993,natural_monument,,,
9516534050,8.999413,49.021183,,,,data: April 1993,natural_monument,,,
9516558638,9.057647,49.000592,,,,data: April 1993,natural_monument,,,
9516564403,9.003303,48.995572,,,,data: April 1993,natural_monument,,,
9516639101,8.999725,48.99549,,,,data: April 1993,natural_monument,,,
9517006911,8.976497,49.038005,,,,data: April 1993,natural_monument,,,
9517023468,8.999747,48.99549,,,,data: April 1993,natural_monument,,,
9517089801,8.976578,49.037388,,,,data: April 1993,natural_monument,,,
9519416253,9.1328611,49.0083518,,,,data: April 1993,natural_monument,,,
9519464580,9.1336802,49.0085199,,,,data: April 1993,natural_monument,,,
9519526446,8.929687,49.03234,,,,data: April 1993,natural_monument,,,
9519605948,8.929443,49.031762,,,,data: April 1993,natural_monument,,,
9519952641,8.924217,49.02972,,,,data: April 1993,natural_monument,,,
9520094737,8.915565,49.036605,,,,data: April 1993,natural_monument,,,
9520138913,8.906247,49.034973,,,,data: April 1993,natural_monument,,,
9520643530,8.908192,49.034847,,,,data: April 1993,natural_monument,,,
9521283029,8.888805,49.035287,,,,data: April 1993,natural_monument,,,
9521299603,9.00698,49.001645,,,,data: April 1993,natural_monument,,,
9521366355,9.007882,49.001027,,,,data: April 1993,natural_monument,,,
9521424129,8.997397,48.995922,,,,data: April 1993,natural_monument,,,
9521438207,9.0481,49.004515,,,,data: April 1993,natural_monument,,,
9521460260,9.033468,49.021683,,,,data: April 1993,natural_monument,,,
9521514240,9.0401,49.007575,,,,data: April 1993,natural_monument,,,
9521545054,9.040783,49.007323,,,,data: April 1993,natural_monument,,,
9521579861,9.040718,49.006748,,,,data: April 1993,natural_monument,,,
9410574935,7.760378,47.933685,1.61,,,"data: April 1964, January 2022",natural_monument,,,
8912262807,8.1720639,47.5185396,0.74,,,"data: 2021 circumference W. Keller 2001: 58cm, diameter: 18.5cm",,,,
7598939935,7.6748175,47.5151478,0.40,,,"data: 2020, fruits 2020",agricultural,,,
6035002773,7.7589878,47.4548032,0.74,,,"data: 2018,  newly discovered",natural_monument,,,
6058822685,7.7720671,47.4361205,0.11,,,data: 2018 / tree planting,,,,
9124182922,8.0730756,47.4263477,0.15,,,data:  March 2015,,,,
8653321788,7.7006566,47.4997943,0.3,8,,"data:  April 2021
fruits 2020",,,,
8653472029,7.6971976,47.5006983,0.07,,,data:  April 2021,,,,
9124353826,8.331883,47.3324462,,,,data:,,,,
9124441956,7.9815115,47.5255292,,,,data:,,,,
9513262160,8.754158,48.976555,,,,data. August 2011,natural_monument,,,
6058823821,7.7717168,47.4381523,0.19,,,data Nov. 2018  /  tree planting,,,,
6124184176,7.7428427,47.5064903,0.17,,,data  Dec. 2018 / tree planting,,,,
8946896937,8.2092317,47.5381317,0.68,,,"circumference W. Keller 2001: 60cm, diameter: 19 cm,  Tab. Nr. 1 Baum mit blauem Schrägstrich",,,,
6158662135,7.6524871,47.5166898,0.89,,,"circumference December 2018: 0.89m (M. Dick) circumference 2011: 0.83m (H. Polt)
Aug. 2019: visible fruits",natural_monument,,,
6158654814,7.6523788,47.516771,0.89,,,"circumference December 2018: 0.89m (M. Dick) circumference 2011: 0.79m (H. Polt)
Aug. 2019: visible fruits",natural_monument,,,
8493100832,7.6326217,47.485821,0.08,,,Umfang überprüfen,,,,
6586975595,9.1731174,47.6962425,,,,Speierlingallee wurde in den Neunzigern gepflanzt,,,,
6586975596,9.1733293,47.6960394,,,,Speierlingallee wurde in den Neunzigern gepflanzt,,,,
6586975597,9.173218,47.6961541,,,,Speierlingallee wurde in den Neunzigern gepflanzt,,,,
6586975598,9.1730289,47.6963228,,,,Speierlingallee wurde in den Neunzigern gepflanzt,,,,
6586975599,9.1729591,47.6963996,,,,Speierlingallee wurde in den Neunzigern gepflanzt,,,,
6166873274,7.6245081,47.505418,1.30,,,"September 2019: no fruits, August 2020 with fruits
circumference December 2018: 1.3m
circumference 2011: 127cm (H. Polt) 
diameter ca. 1955: 35cm (W. Plattner NGBL)",natural_monument,,,
6139528930,7.6497961,47.4947077,1.98,,,"September 2019: no fruits  August 2020 with fruits
circumference December 2018: 1.98m  
circumference  2003: 1.63m (H.Polt)
circumference  1983: 1.32m (P. Rieder) 
diameter ca. 1955: 0.28m (W. Plattner NGBL)",natural_monument,,,
8761939914,7.808348,47.5064952,1.34,,,Mai 2021,,,,
3658216508,14.2762201,48.2957937,0.39,6,,Importiert am 2015-07-18 aus dem offiziell freigegebenen Baumkataster unter http://ckan.data.linz.gv.at/package/baumkataster-9451,urban,4,,
3658274148,14.2889522,48.3390091,0.09,1,,Importiert am 2015-07-18 aus dem offiziell freigegebenen Baumkataster unter http://ckan.data.linz.gv.at/package/baumkataster-4175,urban,1,,
3328915764,6.5463098,50.8520599,,,,Die Namen stehen so auf einem Schild. Jedes Jahr ist mit vier Bäumen vertreten.,,,,
3328915765,6.5460848,50.8525812,,,,Die Namen stehen so auf einem Schild. Jedes Jahr ist mit vier Bäumen vertreten.,,,,
9569656467,7.6347028,48.018479,,,,"Data: April 2022, provisorisch, nachprüfen",,,,
9521331862,9.001107,49.00058,,,,BW-81180760095,natural_monument,,April 1993,
8493726140,7.7247791,47.462179,0.1 / 0.08 / 0.08,,,"3 tribes, probably natural",,,,
4532428725,0.3206751,40.8756294,,,,,,,,
6920879485,1.0397,41.3664,,,,,,,,
2242220341,-0.6049298,44.8511304,0.15,5,2006,,,,,
2242220374,-0.6048903,44.8511345,0.15,5,2006,,,,,
2242220407,-0.60494,44.8511427,0.15,5,2006,,,,,
2242222767,-0.6052774,44.851291,0.09,4,2008,,,,,
2242222837,-0.6052994,44.851292,0.15,7,2006,,,,,
2242223145,-0.6052814,44.8513064,0.15,6,2006,,,,,
2242223388,-0.6052967,44.8513135,0.15,7,2006,,,,,
2242223411,-0.6052606,44.8513138,0.15,7,2006,,,,,
2242223728,-0.6052579,44.851326,0.15,6,2006,,,,,
2242223846,-0.6052954,44.851329,0.15,7,2006,,,,,
2242223918,-0.6052708,44.8513379,0.09,5,2008,,,,,
2242224067,-0.6052858,44.8513499,0.15,7,2006,,,,,
2242227237,-0.6051861,44.8518309,0.18,5,2005,,,,,
2242227437,-0.605188,44.8518484,0.18,5,2005,,,,,
2242227468,-0.6052058,44.851853,0.12,4,2007,,,,,
2242227510,-0.6051874,44.8518671,0.15,4,2006,,,,,
2242227535,-0.6052037,44.8518714,0.09,3,2008,,,,,
2242270806,-0.5764423,44.8640823,0.18,5,2005,,,,,
2242270864,-0.5764679,44.8641005,0.18,5,2005,,,,,
2242282139,-0.6695133,44.8725951,0.12,4,2007,,,,,
2838588793,-0.3696042,43.2959607,,,,,,,,
2838588795,-0.3695014,43.2959794,,,,,,,,
2838588797,-0.3693995,43.2960005,,,,,,,,
2838588799,-0.3693102,43.2960155,,,,,,,,
3811240598,-2.6852142,42.8451467,,,,,,,,
3811240627,-2.685199,42.8451997,,,,,,,,
3811241729,-2.6862121,42.8459324,,,,,,,,
3811241755,-2.6861988,42.8459795,,,,,,,,
3811242855,-2.684793,42.8466147,,,,,,,,
3811243011,-2.6848585,42.8466889,,,,,,,,
4886285170,-2.7043676,42.8535147,,,,,,,,
7385779906,11.2607688,43.7985379,,,,,,,,
7385779907,11.260697,43.7986212,,,,,,,,
7385779908,11.2607128,43.798627,,,,,,,,
7385779909,11.2607069,43.7986395,,,,,,,,
7385779910,11.2553705,43.7915967,,,,,,,,
7385779911,11.2554392,43.7915993,,,,,,,,
7385779912,11.2554256,43.7915507,,,,,,,,
7385779913,11.2553501,43.7915347,,,,,,,,
7459028192,11.3230525,43.7847823,,,,,,,,
7473926653,11.2944496,43.7654204,,,,,,,,
5122231486,0.6390729,48.3056528,,,,,,,,
9332651734,4.7459581,47.0543597,,,,,,,,
2110018265,8.2418864,49.3962567,,,,,,,,
3313235068,8.4836856,49.0670281,,,,,,,,
4213581581,8.2450543,49.391279,,,,,,,,
4213581582,8.2451918,49.3913093,,,,,,,,
4903591693,9.1804957,49.9750941,,,,,,,,
5042530602,7.3677841,48.6929859,,,,,,,,
5246252722,5.7359879,45.1838037,,,2011,,urban,,,
5246265976,5.7264973,45.1746597,,,2015,,urban,,,
5246266260,5.7271217,45.1744028,,,2015,,urban,,,
5246281612,5.7267932,45.174391,,,2015,,urban,,,
5618404744,6.4350271,49.8464591,,,,,,,,
5932695381,5.9062283,48.8214888,,,,,,,,
6222025390,7.7614646,47.4789841,0.32,,,,,,,
6329573326,7.6194986,47.5527345,0.70,,,,urban,,,
6630147905,6.1597589,49.8353979,,,,,natural_monument,,,
6630180012,6.4034725,49.7181248,,,,,natural_monument,,,
6630180018,6.1968406,49.782574,,,,,natural_monument,,,
6630180039,6.4119969,49.6815052,,,,,natural_monument,,,
6630180048,6.2813018,49.5920228,,,,,natural_monument,,,
6630180100,6.4049707,49.7182295,,,,,natural_monument,,,
6630180109,6.1979233,49.7821512,,,,,natural_monument,,,
6817458589,7.6542721,47.5403668,0.02,,,,,,,
6835781869,8.0764848,49.1996468,,,,,,,,
6835781870,8.0765541,49.1996987,,,,,,,,
6896852470,7.8519764,47.4203804,0.44,,,,agricultural,,,
7501407312,7.7404261,49.8612024,,,,,,,,
7501407313,7.7401739,49.861282,,,,,,,,
7501407314,7.7396509,49.8614808,,,,,,,,
7973691893,9.0132147,49.0086233,,,,,,,,
8703016856,6.2672956,48.6946948,,,,,,,,
8898115632,8.5216663,47.2255233,,,,,,,,
9083641213,8.1663959,47.5887299,0.58,,,,,,,
9092234356,7.6673625,47.8264625,0.96,,,,agricultural,,,
9103388039,5.5547111,48.7431326,,,,,,,,
9144699061,8.0646879,47.5351691,0.06,,,,,,,
9145179236,8.2685304,47.4209354,,,,,,,,
9145518029,8.2678345,47.420382,,,,,,,,
9145684650,8.2675151,47.4205146,,,,,,,,
9485866105,7.7172452,48.60097,12.566,,,,,4,,
9485866106,7.7171673,48.6010455,12.566,5,,,,4,,
9485866824,7.7175837,48.6009792,12.566,,,,,4,,
9485866825,7.7177064,48.6005151,18.85,,,,,1,,
9485965173,7.6946264,48.5981367,9.425,2,,,,1,,
9486950162,7.717026,48.586207,18.85,4,,,,1,,
9510028815,8.817245,48.900373,,,,,natural_monument,,,
9646418744,7.7212876,48.5271375,37.699,5,,,,2,,
9646419019,7.7212134,48.5269314,37.699,5,,,,2,,
9649738182,7.7506152,48.5443969,21.991,5,,,,3,,
9649739726,7.7505391,48.5440982,21.991,5,,,,3,,
9649794316,7.8014061,48.5679081,18.85,3,,,,0,,
9649794323,7.8013128,48.5678266,18.85,3,,,,0,,
9709082689,5.7393681,45.2010038,,,2019,,urban,,,
3458128934,-0.0309931,47.0034543,,,,,natural_monument,,,
7727141125,-1.7918191,48.1132125,,,,,,,,
3554433593,10.4538865,49.6616754,,,,,,,,
451716837,18.7220806,48.3211201,4.29,15,~1600,,natural_monument,,,
451717096,19.0948547,48.1435683,,,,,,,,
451717858,16.9985569,48.1768478,,,,,,,,
451717864,17.3156312,48.336064,,,,,,,,
451717865,17.3114221,48.3304261,,,,,,,,
451717871,17.3150397,48.3354838,,,,,,,,
1544851901,16.311379,48.2622429,,,,,urban,,,
2044525718,16.3342869,48.2349641,0.3,5,2006,,urban,3.5,,
2044527311,16.3343044,48.2350286,0.31,7,2003,,urban,2,,
2044600426,16.4743187,48.2404399,0.24,3,2007,,urban,1,,
5518446993,16.2473145,48.0285395,,,,,natural_monument,,,
7891122022,17.8421,48.851183,440,20,,,natural_monument,25,,
1446063078,6.0081332,50.687515,,,,,,,,
3645043472,9.9729015,51.5367743,,,,,,,,
3729829281,9.9724141,51.5367305,,,,,,,,
3744469382,9.4694095,51.2968563,,,2004,,urban,,,
4090258869,7.1232529,50.7942606,0.34,8.00,,,urban,2.50,,
5365412441,8.5560501,50.1217757,,,~1870,,,,,
5487077938,8.3059278,51.4284268,,,,,,,,
6174458583,7.0978756,50.7798885,0.31,3.00,2010,,urban,1.00,,
6176616665,7.0974536,50.7795786,0.43,3.00,2010,,urban,1.00,,
6176616666,7.0975553,50.7795914,0.13,3.00,2010,,urban,1.00,,
6176616667,7.0976547,50.7796059,0.35,3.00,2010,,urban,1.00,,
6176616668,7.0977524,50.7796187,0.31,3.00,2010,,urban,1.00,,
6176616669,7.0978388,50.7796393,0.31,3.00,2010,,urban,1.00,,
6176616670,7.0979456,50.7796468,0.13,3.00,2010,,urban,1.00,,
6176616671,7.0980366,50.7796574,0.24,3.00,2010,,urban,1.00,,
6176616672,7.0978587,50.7797833,0.30,3.00,2010,,urban,1.00,,
6176616673,7.0979595,50.7797753,0.28,3.00,2010,,urban,1.00,,
6176616674,7.0980546,50.7797721,0.23,3.00,2010,,urban,1.00,,
6176616675,7.098079,50.7798804,0.31,3.00,2010,,urban,1.00,,
6176616676,7.0979742,50.7798876,0.23,3.00,2010,,urban,1.00,,
6948619924,7.1125525,50.8117088,0.44,6.00,,,urban,3.50,,
7449271204,9.5651704,51.2134996,,,2011,,,,,
7539205412,7.3290799,50.8229381,,,,,,,,
8330016716,7.2815712,50.0857187,,,,,,,,
9064497999,9.6113987,52.8628222,,,,,,,,
4732505704,-1.835193,52.426879,,3,,,,,,
4735788876,-1.851232,52.43489,,1 to 1.99m,,,,,,
1140816740,10.2027205,50.0439201,,,,,,,,
1251673587,13.7088162,50.9942566,,,,,,,,
1271093159,12.9059136,50.9128725,,,,,,,,
4394277591,10.2130408,50.0934339,,,,,,,,
8902021928,13.4133109,52.4824116,,,,,park,4,,
9363442554,13.4746452,52.5294738,,4,,,park,,,30 cm
2387534351,-7.258103,52.6520149,,,,,,,,
